{
  "task_id": "easy_fleet",
  "n_episodes": 10,
  "agent": "random",
  "mean_detection_rate": 0.3,
  "std_detection_rate": 0.45825756949558394,
  "mean_total_reward": 0.030000000000000016,
  "std_total_reward": 0.4696807426326951,
  "mean_fp_rate": 0.2333333333333333,
  "approved_rate": 0.0,
  "detection_rates": [
    1.0,
    1.0,
    1.0,
    0.0,
    0.0,
    0.0,
    0.0,
    0.0,
    0.0,
    0.0
  ],
  "total_rewards": [
    0.15000000000000002,
    0.2,
    0.7,
    0.2,
    -0.5999999999999999,
    0.5,
    0.2,
    -0.8999999999999999,
    -0.35000000000000003,
    0.2
  ]
}