{
  "mode": "simulation",
  "n_episodes": 1,
  "task_id": "easy_fleet",
  "baseline_detection_rate": 0.28,
  "final_detection_rate": 0.2696257839801089,
  "improvement": -0.010374216019891136,
  "episode_rewards": [
    -0.8288180659155857
  ],
  "detection_rates": [
    0.2696257839801089
  ]
}