{
  "mode": "real",
  "n_episodes": 30,
  "task_id": "easy_fleet",
  "model_name": "Qwen/Qwen2.5-1.5B-Instruct",
  "baseline_detection_rate": 0.6,
  "final_detection_rate": 1.0,
  "improvement": 0.4,
  "baseline_reward": -0.09639999999999999,
  "final_reward": 3.1999999999999997,
  "episode_rewards": [
    3.1999999999999997,
    3.1999999999999997,
    3.1999999999999997,
    3.1999999999999997,
    3.1999999999999997,
    3.1999999999999997,
    3.1999999999999997,
    3.1999999999999997,
    3.1999999999999997,
    3.1999999999999997,
    2.8,
    3.1999999999999997,
    3.1999999999999997,
    3.1999999999999997,
    3.1999999999999997,
    3.1999999999999997,
    3.1999999999999997,
    3.1999999999999997,
    3.1999999999999997,
    3.1999999999999997,
    3.1999999999999997,
    3.1999999999999997,
    3.1999999999999997,
    3.1999999999999997,
    3.1999999999999997,
    3.1999999999999997,
    3.1999999999999997,
    3.1999999999999997,
    3.1999999999999997,
    3.1999999999999997
  ],
  "detection_rates": [
    1.0,
    1.0,
    1.0,
    1.0,
    1.0,
    1.0,
    1.0,
    1.0,
    1.0,
    1.0,
    1.0,
    1.0,
    1.0,
    1.0,
    1.0,
    1.0,
    1.0,
    1.0,
    1.0,
    1.0,
    1.0,
    1.0,
    1.0,
    1.0,
    1.0,
    1.0,
    1.0,
    1.0,
    1.0,
    1.0
  ]
}