{
  "mode": "real",
  "n_episodes": 30,
  "task_id": "easy_fleet",
  "baseline_detection_rate": 0.28,
  "final_detection_rate": 0.6950478546592515,
  "improvement": 0.4150478546592514,
  "episode_rewards": [
    -0.8288180659155857,
    -0.5996032549802274,
    -0.613536331186457,
    -0.596823042659829,
    -0.42867269864026625,
    -0.7029324734975434,
    -0.4316686272193232,
    -0.6707090596017357,
    -0.14531912292411064,
    -0.21035731013431722,
    -0.08634986248292291,
    -0.2613781456399005,
    0.05285317992257904,
    -0.22044056484846997,
    0.06288397149218417,
    0.16997702037384171,
    0.034602906956080065,
    0.3198652800953563,
    0.1161414915627011,
    0.6243699962686933,
    0.6852689954884323,
    0.35358469033625767,
    0.5267062641574523,
    0.7247263972736192,
    0.7639935535546272,
    0.5336837797515986,
    0.7459478452598804,
    0.7612684072764564,
    0.7664527175616299,
    0.9363066373672576
  ],
  "detection_rates": [
    0.2696257839801089,
    0.3130328393215521,
    0.3300578237948878,
    0.38172940607303396,
    0.3940070662196006,
    0.4203103214027172,
    0.4162383828827161,
    0.4201313602316366,
    0.43999607875432306,
    0.5163647214321896,
    0.3930525214761583,
    0.443044462295796,
    0.4385387834850841,
    0.5198603820810732,
    0.5872000048996412,
    0.5898486568042595,
    0.5203263745124311,
    0.5606458975844145,
    0.5217895277882194,
    0.6299331341163756,
    0.605633452506366,
    0.6799583470139922,
    0.64932502055547,
    0.6801700099437765,
    0.6198063716783145,
    0.724417068683344,
    0.7230187099328436,
    0.5782395710453283,
    0.7242008228962835,
    0.7253631007384577
  ]
}